School,W,L,SRS,SOS,W.1,L.1,W.2,L.2,W.3,L.3,Tm.,Opp.,MP,FG,FGA,3P,3PA,FT,FTA,ORB,TRB,AST,STL,BLK,TOV,PF,Opp_FG,Opp_FGA,Opp_3P,Opp_3PA,Opp_FT,Opp_FTA,Opp_ORB,Opp_TRB,Opp_AST,Opp_STL,Opp_BLK,Opp_TOV,Opp_PF,Pace,ORtg,FTr,3PAr,TS%,TRB%,AST%,STL%,BLK%,eFG%,TOV%,ORB%,FT/FGA,Opp_Pace,Opp_ORtg,Opp_FTr,Opp_3PAr,Opp_TS%,Opp_TRB%,Opp_AST%,Opp_STL%,Opp_BLK%,Opp_eFG%,Opp_TOV%,Opp_ORB%,Opp_FT/FGA
Abilene Christian,27,7,-1.91,-7.34,14,4,13,2,10,4,2502,2161,1370,897,1911,251,660,457,642,325,1110,525,297,93,407,635,753,1737,191,578,464,643,295,1097,353,191,92,560.0,591.0,67.2,108.6,0.336,0.345,0.565,50.3,58.5,12.9,8.0,0.535,15.5,28.8,0.239,67.2,93.8,0.37,0.33299999999999996,0.529,49.7,46.9,8.3,7.4,0.488,21.5,27.3,0.267
Arizona State,23,11,10.28,6.04,12,6,13,3,6,5,2638,2494,1380,899,2012,240,714,600,882,399,1351,459,213,109,466,675,828,2007,292,874,546,774,343,1218,449,221,113,476.0,735.0,72.5,105.4,0.43799999999999994,0.355,0.5429999999999999,52.6,51.1,8.5,9.6,0.506,16.1,31.3,0.298,72.5,99.6,0.386,0.435,0.525,47.4,54.2,8.8,8.7,0.485,16.7,26.5,0.272
Auburn,30,10,20.84,10.92,11,7,15,2,4,6,3188,2750,1615,1097,2439,454,1204,540,760,457,1369,572,369,190,466,731,940,2153,323,937,547,774,424,1412,491,226,144,683.0,690.0,69.2,114.1,0.312,0.494,0.569,49.2,52.1,13.2,15.6,0.5429999999999999,14.3,31.6,0.221,69.2,98.4,0.359,0.435,0.545,50.8,52.2,8.1,11.7,0.512,21.3,31.7,0.254
Baylor,20,14,13.38,9.26,10,8,13,5,5,6,2442,2302,1365,869,1966,274,803,430,635,446,1280,473,209,159,446,636,795,1870,246,714,466,682,338,1086,442,202,146,421.0,612.0,66.6,107.5,0.32299999999999995,0.408,0.5379999999999999,54.1,54.4,9.2,13.8,0.512,16.4,37.4,0.21899999999999997,66.6,101.3,0.365,0.382,0.525,45.9,55.6,8.9,12.6,0.491,16.1,28.8,0.249
Belmont,27,6,9.12,-2.6,16,2,13,1,12,3,2868,2439,1330,1042,2094,343,922,441,598,286,1275,645,220,125,376,509,895,2110,253,743,396,569,314,1166,402,200,116,403.0,551.0,74.2,116.2,0.28600000000000003,0.44,0.603,52.2,61.9,8.9,9.1,0.58,13.7,25.1,0.21100000000000002,74.2,98.8,0.27,0.35200000000000004,0.512,47.8,44.9,8.1,9.9,0.484,14.5,24.1,0.188
Bradley,20,15,-0.08,-0.9,9,9,10,6,5,8,2329,2285,1405,812,1874,240,653,465,672,313,1195,423,186,131,440,617,779,1892,246,753,481,664,313,1163,415,196,90,433.0,648.0,66.2,100.2,0.359,0.348,0.531,50.7,52.1,8.0,11.5,0.49700000000000005,16.7,26.9,0.248,66.2,98.3,0.35100000000000003,0.39799999999999996,0.518,49.3,53.3,8.4,7.4,0.47700000000000004,16.4,26.2,0.254
Buffalo,32,4,15.56,2.62,16,2,14,0,12,3,3037,2550,1445,1083,2344,344,1022,527,767,452,1470,599,263,140,433,659,916,2180,236,792,482,687,363,1332,372,192,112,553.0,704.0,74.5,112.8,0.327,0.436,0.561,52.5,55.3,9.8,10.1,0.535,13.8,31.8,0.225,74.5,94.7,0.315,0.363,0.509,47.5,40.6,7.1,8.5,0.474,18.1,26.3,0.221
UC-Irvine,31,6,5.7,-2.3,15,1,12,2,13,2,2675,2353,1500,987,2159,252,701,449,640,429,1471,479,210,152,441,673,809,2117,241,715,494,698,379,1211,355,194,103,419.0,627.0,66.2,107.8,0.29600000000000004,0.325,0.5429999999999999,54.8,48.5,8.5,10.8,0.516,15.2,34.0,0.20800000000000002,66.2,94.8,0.33,0.33799999999999997,0.48,45.2,43.9,7.8,7.1,0.439,14.6,26.7,0.233
Central Florida,24,9,13.37,5.58,13,5,15,2,5,5,2385,2128,1325,819,1763,229,628,518,798,315,1215,439,189,150,393,555,764,1938,233,744,367,565,371,1142,409,190,92,400.0,699.0,67.3,107.0,0.45299999999999996,0.35600000000000004,0.557,51.5,53.6,8.5,12.6,0.529,15.5,29.0,0.294,67.3,95.5,0.292,0.384,0.48200000000000004,48.5,53.5,8.5,8.1,0.45399999999999996,15.3,29.2,0.18899999999999997
Cincinnati,28,7,14.53,5.5,14,4,16,2,7,4,2510,2194,1410,872,2018,232,673,534,758,442,1264,466,214,155,365,563,766,1869,284,800,378,570,332,1088,388,133,126,476.0,659.0,65.0,109.5,0.376,0.33299999999999996,0.528,53.7,53.4,9.3,14.5,0.49,13.3,36.9,0.265,65.0,95.7,0.305,0.428,0.513,46.3,50.7,5.8,9.4,0.486,18.2,28.8,0.20199999999999999
Colgate,24,11,1.23,-3.83,13,5,15,1,9,9,2648,2458,1415,955,1995,320,815,418,563,322,1240,541,213,121,456,547,884,2033,277,824,413,580,327,1112,454,250,112,422.0,581.0,67.8,110.3,0.282,0.409,0.585,52.7,56.6,8.9,10.0,0.5589999999999999,16.8,29.1,0.21,67.8,102.4,0.285,0.405,0.532,47.3,51.4,10.4,9.5,0.503,15.5,26.3,0.203
Duke,32,6,26.9,11.98,14,4,15,2,7,2,3143,2576,1525,1157,2418,278,903,551,803,495,1567,606,346,257,488,595,960,2415,253,845,403,579,441,1348,478,243,121,540.0,659.0,73.2,112.6,0.332,0.373,0.561,53.8,52.4,12.4,16.4,0.536,14.8,35.3,0.228,73.2,92.3,0.24,0.35,0.479,46.2,49.8,8.7,8.0,0.45,16.7,29.1,0.16699999999999998
Fairleigh Dickinson,21,14,-6.09,-7.24,12,6,13,4,7,9,2620,2515,1420,921,1939,269,672,509,702,323,1155,486,261,132,477,578,908,2042,277,790,422,608,390,1187,473,218,116,508.0,632.0,68.7,107.5,0.36200000000000004,0.34700000000000003,0.5760000000000001,49.3,52.8,10.7,10.5,0.544,17.3,28.8,0.263,68.7,103.2,0.298,0.387,0.54,50.7,52.1,8.9,9.2,0.512,17.9,31.9,0.207
Florida State,29,8,17.99,10.26,13,5,15,1,6,4,2771,2485,1500,960,2171,272,819,579,778,418,1391,475,266,161,492,705,842,2067,269,803,532,737,348,1223,369,203,113,529.0,682.0,69.5,106.3,0.358,0.377,0.545,53.2,49.5,10.2,12.7,0.505,16.2,32.3,0.267,69.5,95.4,0.35700000000000004,0.38799999999999996,0.514,46.8,43.8,7.8,8.4,0.47200000000000003,18.0,26.3,0.257
Florida,20,16,15.42,11.22,9,9,9,6,5,6,2440,2289,1455,857,2015,291,872,435,603,375,1201,437,257,131,420,614,806,1916,231,730,446,644,390,1242,389,221,104,527.0,615.0,64.7,103.7,0.299,0.433,0.53,49.2,51.0,10.9,11.0,0.498,15.4,30.6,0.21600000000000003,64.7,97.3,0.336,0.381,0.515,50.8,48.3,9.4,9.1,0.48100000000000004,19.2,32.1,0.233
Gardner-Webb,23,12,-2.61,-4.43,11,6,13,0,8,9,2718,2468,1430,955,1962,281,719,527,741,271,1190,502,238,101,407,561,871,2101,310,951,416,579,393,1229,470,206,102,468.0,600.0,68.5,110.9,0.37799999999999995,0.366,0.5870000000000001,49.2,52.6,9.7,8.8,0.5579999999999999,15.0,24.5,0.26899999999999996,68.5,100.7,0.276,0.45299999999999996,0.519,50.8,54.0,8.4,8.2,0.488,16.5,30.0,0.198
Georgia State,24,10,2.44,0.65,13,5,13,1,7,7,2598,2491,1360,903,1968,330,859,462,694,273,1110,415,269,158,391,583,872,2051,304,926,443,631,428,1336,512,169,108,512.0,595.0,71.3,107.1,0.353,0.436,0.565,45.4,46.0,11.1,14.0,0.5429999999999999,14.5,23.1,0.235,71.3,102.7,0.308,0.451,0.53,54.6,58.7,7.0,9.7,0.499,17.9,33.8,0.21600000000000003
Gonzaga,33,4,27.79,5.01,16,0,17,0,9,1,3243,2400,1480,1177,2239,287,790,602,791,354,1443,668,278,204,394,603,877,2256,239,787,407,584,382,1194,363,201,84,501.0,685.0,71.7,122.2,0.353,0.353,0.62,54.7,56.8,10.5,13.9,0.59,13.1,30.4,0.26899999999999996,71.7,90.4,0.259,0.349,0.474,45.3,41.4,7.6,5.8,0.442,16.5,26.0,0.18
Houston,33,4,18.91,4.61,16,2,19,1,10,1,2787,2258,1480,982,2203,333,939,490,697,448,1502,548,240,161,410,705,749,2035,233,836,527,759,360,1236,374,195,81,452.0,639.0,67.3,111.8,0.316,0.426,0.55,54.9,55.8,9.6,13.4,0.521,13.9,33.8,0.222,67.3,90.6,0.373,0.41100000000000003,0.47100000000000003,45.1,49.9,7.8,6.4,0.425,15.9,25.5,0.259
Iona,17,16,-4.78,-5.5,12,6,8,3,5,9,2532,2508,1320,857,1897,297,845,521,699,283,1152,432,223,90,406,564,900,2021,314,857,394,576,369,1249,499,178,118,437.0,617.0,71.4,107.4,0.368,0.445,0.568,48.0,50.4,9.5,7.7,0.53,15.4,24.3,0.275,71.4,106.4,0.285,0.424,0.547,52.0,55.4,7.6,11.2,0.523,16.0,29.8,0.195
Iowa State,23,12,18.07,9.3,9,9,12,4,5,6,2692,2385,1400,974,2047,294,811,450,615,327,1230,527,247,160,379,517,877,2097,276,822,355,495,388,1213,438,183,92,440.0,569.0,68.2,112.7,0.3,0.396,0.575,50.3,54.1,10.3,12.5,0.5479999999999999,13.9,28.4,0.22,68.2,99.9,0.23600000000000002,0.392,0.511,49.7,49.9,7.7,7.4,0.484,15.9,30.1,0.16899999999999998
Iowa,23,12,14.27,9.84,10,10,14,4,4,6,2740,2585,1415,914,2006,285,782,627,849,357,1246,542,211,112,427,565,943,2104,281,866,418,606,363,1218,545,230,97,457.0,721.0,70.2,110.4,0.423,0.39,0.569,50.6,59.3,8.5,9.0,0.527,15.1,29.5,0.313,70.2,104.1,0.28800000000000003,0.41200000000000003,0.54,49.4,57.8,9.3,7.9,0.515,16.0,29.0,0.19899999999999998
Kansas State,25,9,15.39,9.18,14,4,13,2,7,5,2236,2025,1360,806,1878,241,721,383,574,320,1136,464,256,76,385,550,717,1728,233,741,358,531,279,1098,391,213,95,504.0,560.0,65.0,101.2,0.306,0.384,0.52,50.9,57.6,11.6,7.7,0.493,15.2,28.1,0.204,65.0,91.6,0.307,0.429,0.511,49.1,54.5,9.6,8.2,0.48200000000000004,20.3,25.5,0.207
Kansas,26,10,18.35,12.79,12,6,16,0,3,8,2725,2525,1455,989,2128,260,743,487,691,374,1376,478,243,139,472,610,898,2201,309,922,420,612,385,1263,473,237,123,455.0,620.0,70.3,106.5,0.325,0.349,0.555,52.1,48.3,9.5,10.9,0.526,16.1,29.9,0.22899999999999998,70.3,98.7,0.278,0.419,0.507,47.9,52.7,9.3,8.9,0.478,15.4,27.8,0.191
Kentucky,30,7,21.43,10.29,15,3,17,1,8,2,2806,2394,1490,978,2050,215,607,635,859,427,1429,501,220,176,466,600,854,2134,283,824,403,572,337,1083,409,215,112,449.0,725.0,67.3,111.9,0.419,0.29600000000000004,0.5710000000000001,56.9,51.2,8.8,13.4,0.53,15.9,36.4,0.31,67.3,95.5,0.268,0.386,0.498,43.1,47.9,8.6,7.8,0.466,15.7,25.2,0.18899999999999997
Liberty,29,7,5.27,-3.88,14,2,16,1,11,3,2654,2209,1440,963,1977,322,873,406,524,270,1174,532,223,96,395,543,790,1894,231,713,398,588,300,1104,363,194,97,482.0,561.0,65.4,112.8,0.265,0.442,0.596,51.5,55.2,9.5,8.1,0.569,15.1,25.1,0.205,65.4,93.9,0.31,0.376,0.508,48.5,45.9,8.2,8.8,0.478,18.2,24.9,0.21
Louisiana State,28,7,16.5,9.16,16,2,15,2,9,1,2815,2558,1435,988,2162,236,740,603,802,460,1355,452,308,148,452,634,900,2085,281,833,477,691,388,1200,402,224,113,508.0,669.0,70.6,111.1,0.371,0.342,0.5529999999999999,53.0,45.7,12.2,11.8,0.512,15.1,36.2,0.27899999999999997,70.6,100.9,0.331,0.4,0.53,47.0,44.7,8.8,7.9,0.499,17.4,30.2,0.22899999999999998
Louisville,20,14,17.28,11.04,10,8,14,4,5,6,2536,2324,1380,854,1967,294,860,534,687,345,1297,458,149,99,412,591,819,2007,239,746,447,643,330,1176,392,195,117,380.0,652.0,68.4,107.4,0.349,0.43700000000000006,0.5529999999999999,52.4,53.6,6.3,7.9,0.509,15.2,29.0,0.271,68.4,98.4,0.32,0.37200000000000005,0.503,47.6,47.9,8.3,10.6,0.46799999999999997,14.1,25.7,0.223
Marquette,24,10,14.78,6.96,12,6,16,3,6,4,2629,2363,1375,893,1969,319,822,524,692,331,1291,456,168,146,467,635,819,2020,233,720,492,725,341,1147,418,236,102,402.0,644.0,70.7,108.2,0.35100000000000003,0.41700000000000004,0.5720000000000001,53.0,51.1,6.9,11.2,0.535,16.9,29.1,0.266,70.7,97.2,0.359,0.35600000000000004,0.5,47.0,51.0,9.7,8.9,0.46299999999999997,14.5,26.2,0.244
Maryland,23,11,16.01,10.09,13,7,15,3,6,5,2429,2228,1360,858,1909,247,707,466,627,378,1335,447,148,163,437,526,795,2005,252,790,386,534,315,1050,413,236,118,318.0,595.0,66.6,107.3,0.32799999999999996,0.37,0.55,56.0,52.1,6.5,13.4,0.514,16.5,34.0,0.244,66.6,98.4,0.266,0.39399999999999996,0.493,44.0,51.9,10.4,9.8,0.45899999999999996,12.3,24.8,0.193
Michigan State,32,7,24.93,12.34,16,4,15,1,8,4,3025,2534,1570,1071,2230,319,844,564,749,414,1580,715,201,205,493,647,905,2378,280,886,444,654,404,1237,470,243,117,398.0,694.0,68.1,113.1,0.336,0.37799999999999995,0.585,56.1,66.8,7.5,13.7,0.552,16.0,33.2,0.253,68.1,94.8,0.275,0.373,0.47100000000000003,43.9,51.9,9.1,8.4,0.439,12.9,25.7,0.187
Michigan,30,7,21.82,10.55,15,5,17,1,7,4,2575,2158,1480,941,2102,287,839,406,579,299,1307,512,225,149,334,514,823,2073,181,623,331,499,320,1273,377,147,121,434.0,558.0,65.4,106.5,0.275,0.39899999999999997,0.542,50.7,54.4,9.3,10.3,0.516,12.3,23.9,0.193,65.4,89.2,0.24100000000000002,0.301,0.467,49.3,45.8,6.1,9.6,0.441,15.8,24.1,0.16
Minnesota,22,14,12.52,11.27,9,11,14,3,2,9,2543,2498,1445,887,2039,191,603,578,848,402,1314,523,175,140,418,578,922,2107,243,714,411,594,353,1252,468,209,156,412.0,693.0,67.9,103.7,0.41600000000000004,0.29600000000000004,0.521,51.2,59.0,7.1,10.1,0.48200000000000004,14.6,30.9,0.28300000000000003,67.9,101.8,0.282,0.33899999999999997,0.523,48.8,50.8,8.5,10.9,0.495,14.7,27.9,0.195
Mississippi State,23,11,15.96,9.07,10,8,14,3,5,5,2628,2394,1370,936,1982,292,774,464,647,393,1215,481,274,172,451,586,848,1937,253,708,445,622,342,1086,429,199,122,458.0,559.0,68.6,111.9,0.326,0.391,0.574,52.8,51.4,11.7,14.0,0.546,16.5,34.6,0.23399999999999999,68.6,102.0,0.321,0.366,0.536,47.2,50.6,8.5,10.1,0.503,17.0,29.4,0.23
Mississippi,20,13,12.32,8.13,10,8,11,5,6,5,2485,2347,1325,876,1906,272,760,461,589,322,1128,475,235,118,416,603,832,1869,241,644,442,627,332,1080,459,203,112,471.0,562.0,69.2,108.4,0.309,0.39899999999999997,0.568,51.1,54.2,10.2,9.6,0.531,16.0,30.1,0.242,69.2,102.4,0.335,0.345,0.542,48.9,55.2,8.9,9.8,0.51,17.9,29.2,0.23600000000000002
Montana,26,9,1.5,-5.05,16,4,12,2,9,5,2665,2397,1405,973,1979,288,762,431,625,293,1172,508,230,104,416,656,823,1903,236,694,515,686,286,1092,375,195,96,472.0,609.0,68.5,110.7,0.316,0.385,0.585,51.8,52.2,9.6,8.6,0.564,15.5,26.7,0.218,68.5,99.6,0.36,0.365,0.5379999999999999,48.2,45.6,8.1,7.9,0.494,17.5,24.5,0.271
Murray State,28,5,8.96,-3.11,16,2,15,1,10,3,2727,2255,1320,988,2007,258,731,493,673,351,1247,591,249,149,401,527,827,2014,204,713,397,552,376,1145,374,199,117,464.0,584.0,71.8,115.1,0.335,0.364,0.586,52.1,59.8,10.5,11.5,0.557,14.7,31.3,0.24600000000000002,71.8,95.1,0.27399999999999997,0.354,0.495,47.9,45.2,8.4,9.2,0.461,16.9,29.6,0.19699999999999998
Nevada,29,5,16.0,2.68,15,3,15,0,9,3,2723,2270,1360,924,1999,297,855,578,816,325,1274,498,211,134,352,584,815,1984,263,791,375,555,312,1186,421,158,85,461.0,717.0,70.7,113.2,0.408,0.428,0.57,51.8,53.9,8.8,11.2,0.537,12.9,27.1,0.289,70.7,94.4,0.28,0.39899999999999997,0.505,48.2,51.7,6.6,7.4,0.47700000000000004,17.0,24.7,0.18899999999999997
New Mexico State,30,5,10.05,-2.38,15,1,16,1,10,1,2734,2259,1405,962,2092,326,977,484,714,445,1343,515,197,91,419,626,789,1882,252,755,429,611,236,1003,304,173,66,460.0,715.0,68.3,113.9,0.341,0.467,0.562,57.2,53.5,8.2,8.1,0.5379999999999999,14.7,36.7,0.231,68.3,94.1,0.325,0.401,0.52,42.8,38.5,7.2,5.9,0.486,17.5,20.8,0.228
North Carolina Central,18,16,-11.53,-11.24,10,6,10,2,4,12,2429,2266,1365,874,1923,221,694,460,641,399,1265,526,207,94,515,610,831,1911,213,672,391,582,308,1045,442,198,123,450.0,550.0,68.5,104.0,0.33299999999999996,0.361,0.545,54.8,60.2,8.9,7.6,0.512,18.8,35.1,0.239,68.5,97.0,0.305,0.35200000000000004,0.518,45.2,53.2,8.5,10.0,0.491,17.1,26.2,0.205
North Carolina,29,7,23.94,11.35,16,2,14,2,11,1,3089,2636,1445,1118,2410,312,863,541,728,477,1589,677,252,120,473,611,935,2248,330,985,434,639,321,1216,507,242,170,501.0,630.0,75.9,112.7,0.302,0.358,0.56,56.6,60.6,9.2,9.5,0.529,14.6,34.8,0.22399999999999998,75.9,96.1,0.284,0.43799999999999994,0.517,43.4,54.2,8.8,11.0,0.489,16.4,22.4,0.193
North Dakota State,19,16,-4.01,-2.07,9,7,10,3,4,9,2556,2541,1410,874,1926,332,910,476,613,229,1105,402,160,87,368,523,942,2043,261,721,396,529,284,1164,426,181,95,343.0,581.0,66.8,108.5,0.318,0.47200000000000003,0.5760000000000001,48.7,46.0,6.8,6.6,0.54,14.2,20.6,0.247,66.8,107.9,0.259,0.353,0.5539999999999999,51.3,45.2,7.7,9.4,0.525,13.0,24.5,0.19399999999999998
Northeastern,23,11,3.95,-0.7,14,4,11,2,8,6,2564,2406,1385,880,1848,328,858,476,634,237,1075,480,211,74,381,540,889,1931,234,694,394,536,272,1090,403,185,73,383.0,596.0,66.3,111.7,0.34299999999999997,0.46399999999999997,0.597,49.7,54.5,9.2,6.0,0.565,15.1,22.5,0.258,66.3,104.8,0.278,0.359,0.55,50.3,45.3,8.1,7.4,0.521,14.9,24.5,0.204
Northern Kentucky,26,9,4.67,-2.39,13,5,17,1,7,7,2747,2410,1410,979,2048,306,845,483,725,364,1298,592,218,139,441,664,834,1987,244,778,498,692,317,1141,428,206,133,466.0,630.0,70.0,111.3,0.354,0.413,0.574,53.2,60.5,8.8,11.5,0.5529999999999999,15.6,30.6,0.23600000000000002,70.0,97.7,0.348,0.392,0.52,46.8,51.3,8.4,11.1,0.48100000000000004,16.8,25.3,0.251
Ohio State,20,15,13.89,11.0,8,12,12,6,4,7,2419,2318,1405,839,1931,264,775,477,650,328,1214,494,206,85,438,624,814,1929,236,722,454,613,308,1171,408,218,107,425.0,651.0,66.7,103.2,0.337,0.401,0.54,50.9,58.9,8.8,7.0,0.503,16.4,27.5,0.247,66.7,98.9,0.318,0.374,0.522,49.1,50.1,9.3,9.3,0.483,16.1,25.8,0.235
Oklahoma,20,14,15.3,12.21,7,11,11,4,5,7,2423,2318,1365,883,1975,226,655,431,618,305,1263,430,203,102,401,526,852,2096,288,865,326,485,362,1252,424,225,125,408.0,586.0,69.4,102.3,0.313,0.332,0.534,50.2,48.7,8.6,8.3,0.504,15.0,25.5,0.218,69.4,97.9,0.231,0.413,0.498,49.8,49.8,9.5,9.5,0.475,14.9,27.4,0.156
Old Dominion,26,9,3.74,-1.18,13,5,14,2,8,4,2300,2128,1400,824,2027,264,756,388,585,418,1365,439,197,160,408,580,736,1886,248,765,408,612,305,1201,390,169,86,424.0,573.0,65.6,100.2,0.289,0.373,0.499,53.2,53.3,8.6,14.3,0.47200000000000003,15.0,31.8,0.191,65.6,92.7,0.324,0.406,0.489,46.8,53.0,7.4,6.8,0.456,16.3,24.4,0.21600000000000003
Oregon,25,13,13.95,6.13,10,8,13,4,5,7,2661,2364,1530,958,2125,295,840,450,624,361,1307,501,290,163,442,665,807,2027,267,921,483,688,371,1250,445,197,102,523.0,629.0,65.5,106.3,0.294,0.395,0.5489999999999999,51.1,52.3,11.6,14.7,0.52,15.4,29.1,0.212,65.5,94.4,0.33899999999999997,0.45399999999999996,0.502,48.9,55.1,7.9,7.9,0.46399999999999997,18.2,28.2,0.23800000000000002
Prairie View,22,13,-7.29,-9.17,17,1,11,0,9,12,2627,2547,1400,903,2062,225,703,596,875,393,1154,444,309,55,445,758,863,1887,215,679,606,875,393,1316,445,174,152,637.0,758.0,72.5,103.5,0.424,0.341,0.53,46.7,49.2,12.2,4.6,0.49200000000000005,15.2,29.9,0.289,72.5,100.4,0.46399999999999997,0.36,0.5529999999999999,53.3,51.6,6.9,11.2,0.514,21.7,34.1,0.321
Purdue,26,10,21.4,11.99,16,4,15,0,6,6,2760,2421,1460,967,2145,365,977,461,641,421,1341,518,220,143,381,623,831,1997,295,862,464,634,331,1155,445,179,135,448.0,615.0,66.1,114.4,0.299,0.455,0.563,53.7,53.6,9.1,12.6,0.536,13.5,33.8,0.215,66.1,100.4,0.317,0.43200000000000005,0.527,46.3,53.5,7.4,11.6,0.49,16.3,26.5,0.23199999999999998
Saint Louis,23,13,5.06,2.23,10,8,15,2,4,8,2399,2297,1440,855,2051,205,675,484,809,491,1428,460,254,145,464,634,798,1948,230,732,471,652,305,1191,437,216,139,466.0,674.0,67.0,99.4,0.39399999999999996,0.32899999999999996,0.493,54.5,53.8,10.5,11.9,0.467,16.0,35.7,0.23600000000000002,67.0,95.2,0.335,0.376,0.509,45.5,54.8,9.0,10.1,0.469,17.1,24.6,0.242
Saint Mary's (CA),22,12,12.58,4.4,11,5,14,3,5,5,2463,2185,1365,899,1905,253,670,412,555,329,1180,341,201,87,355,574,803,1834,186,580,393,534,251,991,346,167,114,358.0,536.0,64.3,112.2,0.29100000000000004,0.35200000000000004,0.568,54.4,37.9,9.2,6.9,0.5379999999999999,14.1,30.8,0.21600000000000003,64.3,99.5,0.29100000000000004,0.316,0.523,45.6,43.1,7.6,9.2,0.489,14.6,22.8,0.214
Seton Hall,20,14,10.25,8.34,9,9,11,4,3,8,2508,2443,1375,888,2021,240,741,492,697,361,1213,459,235,132,423,638,845,1974,270,793,481,648,352,1211,449,195,150,477.0,621.0,70.1,104.1,0.345,0.36700000000000005,0.5329999999999999,50.0,51.7,9.8,11.2,0.499,15.2,29.6,0.243,70.1,101.4,0.32799999999999996,0.402,0.535,50.0,53.1,8.1,11.7,0.496,17.3,29.2,0.244
St. John's (NY),21,13,7.88,5.5,8,10,11,4,4,7,2623,2542,1375,944,2100,289,809,446,620,264,1119,472,301,111,357,650,853,1961,283,828,553,779,353,1323,462,176,82,529.0,579.0,72.6,105.0,0.295,0.385,0.5479999999999999,45.8,50.0,12.1,9.8,0.518,13.0,21.4,0.212,72.6,101.8,0.397,0.42200000000000004,0.545,54.2,54.2,7.0,6.4,0.507,18.5,29.2,0.282
Syracuse,20,14,13.73,10.09,10,8,13,6,6,4,2370,2246,1365,808,1906,274,823,480,701,363,1174,408,278,162,423,590,746,1858,294,894,460,637,405,1253,506,225,108,528.0,626.0,67.1,103.4,0.368,0.43200000000000005,0.529,48.4,50.5,12.1,16.8,0.496,15.9,30.0,0.252,67.1,98.0,0.34299999999999997,0.48100000000000004,0.52,51.6,67.8,9.8,10.0,0.48100000000000004,19.6,33.3,0.248
Temple,23,10,8.17,4.93,13,5,13,2,8,5,2465,2358,1340,873,1998,247,748,472,649,316,1136,476,284,73,368,580,841,1897,239,727,437,643,325,1222,421,182,85,485.0,550.0,70.5,104.4,0.325,0.374,0.534,48.2,54.5,12.0,6.2,0.499,13.8,26.1,0.23600000000000002,70.5,99.9,0.33899999999999997,0.38299999999999995,0.535,51.8,50.1,7.7,6.8,0.506,18.0,28.4,0.23
Tennessee,31,6,21.55,10.16,15,3,18,0,7,3,3035,2580,1505,1106,2231,262,714,561,744,379,1391,660,221,199,412,654,888,2199,311,893,493,755,421,1270,455,230,95,472.0,694.0,69.4,116.2,0.33299999999999996,0.32,0.5870000000000001,52.3,59.7,8.5,15.2,0.5539999999999999,13.7,30.9,0.251,69.4,98.7,0.34299999999999997,0.406,0.504,47.7,51.2,8.8,6.3,0.475,15.6,29.4,0.22399999999999998
Texas Tech,31,7,22.79,9.53,14,4,17,1,6,3,2765,2261,1530,990,2110,277,759,508,694,315,1292,498,275,186,457,663,751,2027,243,816,516,743,373,1254,372,237,94,586.0,706.0,67.6,106.9,0.32899999999999996,0.36,0.5670000000000001,50.7,50.3,10.6,15.4,0.535,15.8,26.3,0.24100000000000002,67.6,87.4,0.36700000000000005,0.40299999999999997,0.475,49.3,49.5,9.2,7.0,0.43,19.8,27.6,0.255
Utah State,28,7,11.98,0.89,15,3,14,1,9,4,2753,2349,1410,959,2037,274,772,559,747,377,1403,596,214,146,449,650,790,2008,282,800,487,682,293,1093,402,216,120,432.0,684.0,70.0,111.6,0.36700000000000005,0.379,0.5760000000000001,56.2,62.1,8.7,12.1,0.5379999999999999,15.8,32.0,0.27399999999999997,70.0,95.2,0.34,0.39799999999999996,0.504,43.8,50.9,8.8,9.5,0.46399999999999997,15.6,22.2,0.243
Vermont,27,7,4.88,-4.18,14,2,16,2,11,4,2508,2143,1370,864,1887,273,761,507,678,304,1194,399,188,136,377,568,768,1834,240,693,367,503,241,1050,353,187,94,439.0,657.0,66.5,110.2,0.359,0.40299999999999997,0.568,53.2,46.2,8.3,11.9,0.53,14.6,27.3,0.26899999999999996,66.5,94.2,0.27399999999999997,0.37799999999999995,0.517,46.8,46.0,8.2,8.3,0.484,17.5,21.3,0.2
Villanova,26,10,14.33,7.97,13,5,13,2,5,6,2654,2425,1455,884,2019,380,1081,506,695,368,1253,503,194,106,388,580,877,2012,274,799,397,567,334,1185,492,188,83,414.0,656.0,65.0,112.2,0.344,0.535,0.565,51.4,56.9,8.2,8.7,0.532,14.2,30.2,0.251,65.0,102.5,0.282,0.397,0.531,48.6,56.1,7.9,8.8,0.504,15.4,27.4,0.19699999999999998
Virginia Commonwealth,25,8,11.96,2.87,16,2,16,1,8,4,2344,2044,1330,820,1872,235,771,469,669,358,1208,450,263,148,458,650,706,1822,172,604,460,667,374,1171,358,212,87,535.0,640.0,69.0,102.1,0.35700000000000004,0.41200000000000003,0.535,50.8,54.9,11.5,12.2,0.501,17.3,31.0,0.251,69.0,89.1,0.366,0.332,0.478,49.2,50.7,9.2,7.9,0.435,20.0,30.6,0.252
Virginia Tech,26,9,19.28,7.79,12,6,14,2,5,5,2574,2172,1410,893,1899,327,831,461,606,310,1142,531,236,78,392,532,758,1856,303,927,353,489,307,1058,428,176,107,491.0,575.0,64.4,113.3,0.319,0.43799999999999994,0.589,51.9,59.5,10.4,8.4,0.556,15.2,29.2,0.243,64.4,95.6,0.263,0.499,0.52,48.1,56.5,7.7,10.0,0.49,19.0,27.0,0.19
Virginia,35,3,25.46,10.15,16,2,15,1,10,1,2714,2132,1535,974,2056,321,812,445,598,342,1326,544,211,149,342,543,769,1995,245,848,349,524,323,1131,333,189,103,407.0,592.0,60.8,116.3,0.29100000000000004,0.395,0.58,54.0,55.9,9.0,13.0,0.552,12.8,29.7,0.21600000000000003,60.8,91.3,0.263,0.425,0.475,46.0,43.3,8.1,8.3,0.447,15.4,24.7,0.175
Washington,27,9,12.01,7.01,15,3,15,1,7,4,2511,2331,1445,883,1956,273,780,472,679,334,1129,419,322,204,479,653,814,1958,231,691,472,665,418,1245,477,217,89,587.0,657.0,67.4,103.2,0.34700000000000003,0.39899999999999997,0.551,47.6,47.5,13.2,16.1,0.521,17.4,28.8,0.24100000000000002,67.4,95.8,0.34,0.353,0.513,52.4,58.6,8.9,7.6,0.475,20.5,34.5,0.24100000000000002
Wisconsin,23,11,17.9,11.01,14,6,12,3,8,5,2333,2099,1385,874,1945,241,672,344,531,283,1197,430,177,140,327,511,774,1950,215,682,336,503,327,1207,352,176,138,387.0,590.0,64.8,103.9,0.273,0.34600000000000003,0.531,49.8,49.2,7.9,11.0,0.511,13.0,24.3,0.177,64.8,93.5,0.258,0.35,0.479,50.2,45.5,7.8,10.8,0.452,15.0,26.3,0.172
Wofford,30,5,13.92,0.8,18,0,15,1,11,3,2879,2295,1410,1044,2132,385,929,406,577,365,1232,528,233,105,377,588,818,1924,248,773,411,585,271,1029,397,191,88,482.0,542.0,68.5,119.2,0.271,0.436,0.598,54.5,50.6,9.6,9.1,0.58,13.5,32.5,0.19,68.5,95.0,0.304,0.402,0.521,45.5,48.5,7.9,7.3,0.49,18.0,23.8,0.214
Yale,22,8,5.52,-1.24,10,4,11,2,8,5,2427,2202,1215,893,1812,230,634,411,557,259,1157,503,177,131,392,510,779,1890,223,719,421,577,285,1029,381,209,93,338.0,513.0,72.9,109.7,0.307,0.35,0.584,52.9,56.3,8.0,11.2,0.556,15.9,25.8,0.22699999999999998,72.9,99.5,0.305,0.38,0.509,47.1,48.9,9.4,7.9,0.47100000000000003,13.5,24.1,0.223
